{
  "token_acc": 0.9989380043,
  "tag_acc": 0.9664093355,
  "pos_acc": 0.9676343745,
  "morph_acc": 0.9522798991,
  "lemma_acc": 0.7656062714,
  "dep_uas": 0.8829368796,
  "dep_las": 0.8487591697,
  "ents_p": 0.775644871,
  "ents_r": 0.7637330183,
  "ents_f": 0.7696428571,
  "sents_p": 0.9283065513,
  "sents_r": 0.9333057167,
  "sents_f": 0.9307994216,
  "speed": 12848.5222568655,
  "morph_per_feat": {
    "Definite": {
      "p": 0.9745127436,
      "r": 0.9583758648,
      "f": 0.9663769442
    },
    "Gender": {
      "p": 0.9379429228,
      "r": 0.9289576022,
      "f": 0.9334286395
    },
    "Number": {
      "p": 0.9700861045,
      "r": 0.9575060444,
      "f": 0.9637550238
    },
    "Mood": {
      "p": 0.9779944986,
      "r": 0.9779944986,
      "f": 0.9779944986
    },
    "Tense": {
      "p": 0.9796328891,
      "r": 0.9811130698,
      "f": 0.9803724207
    },
    "VerbForm": {
      "p": 0.9668184776,
      "r": 0.9687092568,
      "f": 0.9677629437
    },
    "Degree": {
      "p": 0.9655652174,
      "r": 0.9536241841,
      "f": 0.9595575527
    },
    "PronType": {
      "p": 0.9880926607,
      "r": 0.9844693701,
      "f": 0.9862776877
    },
    "Poss": {
      "p": 0.9882352941,
      "r": 0.9960474308,
      "f": 0.9921259843
    },
    "Case": {
      "p": 0.9937993236,
      "r": 0.9761904762,
      "f": 0.9849162011
    },
    "Reflex": {
      "p": 1.0,
      "r": 1.0,
      "f": 1.0
    },
    "NumType": {
      "p": 0.9888392857,
      "r": 0.9115226337,
      "f": 0.948608137
    },
    "Polarity": {
      "p": 1.0,
      "r": 1.0,
      "f": 1.0
    },
    "Person": {
      "p": 0.9881347888,
      "r": 0.9881347888,
      "f": 0.9881347888
    },
    "Animacy": {
      "p": 0.9982935154,
      "r": 0.996592845,
      "f": 0.9974424552
    },
    "Voice": {
      "p": 0.9338235294,
      "r": 0.9202898551,
      "f": 0.9270072993
    },
    "Abbr": {
      "p": 1.0,
      "r": 0.85,
      "f": 0.9189189189
    }
  },
  "dep_las_per_type": {
    "nmod": {
      "p": 0.7761011419,
      "r": 0.7795985252,
      "f": 0.7778459023
    },
    "nsubj": {
      "p": 0.8838892385,
      "r": 0.8648399015,
      "f": 0.8742608154
    },
    "flat:name": {
      "p": 0.8709677419,
      "r": 0.8709677419,
      "f": 0.8709677419
    },
    "root": {
      "p": 0.899499583,
      "r": 0.8935376968,
      "f": 0.8965087282
    },
    "advmod": {
      "p": 0.8253358925,
      "r": 0.8245445829,
      "f": 0.824940048
    },
    "mark": {
      "p": 0.9177852349,
      "r": 0.9126807564,
      "f": 0.9152258784
    },
    "advcl": {
      "p": 0.6795096322,
      "r": 0.6655231561,
      "f": 0.6724436742
    },
    "obj": {
      "p": 0.8485207101,
      "r": 0.8895781638,
      "f": 0.8685645064
    },
    "case": {
      "p": 0.9348163476,
      "r": 0.931443299,
      "f": 0.9331267751
    },
    "det": {
      "p": 0.9546599496,
      "r": 0.9582806574,
      "f": 0.956466877
    },
    "obl": {
      "p": 0.7537313433,
      "r": 0.7312217195,
      "f": 0.7423059256
    },
    "aux": {
      "p": 0.9297929793,
      "r": 0.9331526649,
      "f": 0.9314697926
    },
    "acl:relcl": {
      "p": 0.799086758,
      "r": 0.7882882883,
      "f": 0.7936507937
    },
    "iobj": {
      "p": 0.776119403,
      "r": 0.5909090909,
      "f": 0.6709677419
    },
    "xcomp": {
      "p": 0.6695095949,
      "r": 0.7120181406,
      "f": 0.6901098901
    },
    "cc": {
      "p": 0.9109217661,
      "r": 0.906009245,
      "f": 0.9084588644
    },
    "conj": {
      "p": 0.7113997114,
      "r": 0.7150108774,
      "f": 0.7132007233
    },
    "amod": {
      "p": 0.9259259259,
      "r": 0.9225650333,
      "f": 0.9242424242
    },
    "nummod": {
      "p": 0.9176470588,
      "r": 0.9551020408,
      "f": 0.936
    },
    "compound:prt": {
      "p": 0.8211678832,
      "r": 0.809352518,
      "f": 0.8152173913
    },
    "cop": {
      "p": 0.8546511628,
      "r": 0.875,
      "f": 0.8647058824
    },
    "appos": {
      "p": 0.25,
      "r": 0.19,
      "f": 0.2159090909
    },
    "ccomp": {
      "p": 0.8036363636,
      "r": 0.8700787402,
      "f": 0.8355387524
    },
    "acl": {
      "p": 0.6317991632,
      "r": 0.6088709677,
      "f": 0.6201232033
    },
    "expl": {
      "p": 0.7022332506,
      "r": 0.7648648649,
      "f": 0.7322121604
    },
    "csubj": {
      "p": 0.7637795276,
      "r": 0.7080291971,
      "f": 0.7348484848
    },
    "nsubj:pass": {
      "p": 0.8480392157,
      "r": 0.8009259259,
      "f": 0.8238095238
    },
    "aux:pass": {
      "p": 0.9464285714,
      "r": 0.8833333333,
      "f": 0.9137931034
    },
    "acl:cleft": {
      "p": 0.52,
      "r": 0.4814814815,
      "f": 0.5
    },
    "orphan": {
      "p": 0.0,
      "r": 0.0,
      "f": 0.0
    },
    "dep": {
      "p": 0.0,
      "r": 0.0,
      "f": 0.0
    },
    "goeswith": {
      "p": 0.0,
      "r": 0.0,
      "f": 0.0
    },
    "parataxis": {
      "p": 0.8714285714,
      "r": 0.6455026455,
      "f": 0.7416413374
    },
    "compound": {
      "p": 0.8,
      "r": 0.2553191489,
      "f": 0.3870967742
    },
    "flat:foreign": {
      "p": 0.8571428571,
      "r": 0.5806451613,
      "f": 0.6923076923
    },
    "discourse": {
      "p": 0.7,
      "r": 0.3043478261,
      "f": 0.4242424242
    },
    "csubj:pass": {
      "p": 0.0,
      "r": 0.0,
      "f": 0.0
    },
    "neg": {
      "p": 0.0,
      "r": 0.0,
      "f": 0.0
    },
    "dobj": {
      "p": 0.0,
      "r": 0.0,
      "f": 0.0
    },
    "name": {
      "p": 0.0,
      "r": 0.0,
      "f": 0.0
    }
  },
  "ents_per_type": {
    "PER": {
      "p": 0.7788018433,
      "r": 0.8284313725,
      "f": 0.8028503563
    },
    "MISC": {
      "p": 0.6985645933,
      "r": 0.584,
      "f": 0.6361655773
    },
    "LOC": {
      "p": 0.8274853801,
      "r": 0.7690217391,
      "f": 0.7971830986
    },
    "ORG": {
      "p": 0.7677419355,
      "r": 0.7760869565,
      "f": 0.7718918919
    },
    "GPE_LOC": {
      "p": 0.0,
      "r": 0.0,
      "f": 0.0
    }
  }
}