{
  "lang":"nn",
  "name":"pipeline",
  "version":"0.0.0",
  "spacy_version":">=3.0.6,<3.1.0",
  "description":"",
  "author":"",
  "email":"",
  "url":"",
  "license":"",
  "spacy_git_version":"df3444421",
  "vectors":{
    "width":0,
    "vectors":0,
    "keys":0,
    "name":null
  },
  "labels":{
    "tok2vec":[

    ],
    "tagger":[
      "ADJ",
      "ADP",
      "ADV",
      "AUX",
      "CCONJ",
      "DET",
      "INTJ",
      "NOUN",
      "NUM",
      "PART",
      "PRON",
      "PROPN",
      "PUNCT",
      "SCONJ",
      "SYM",
      "VERB",
      "X"
    ],
    "parser":[
      "ROOT",
      "acl",
      "acl:cleft",
      "acl:relcl",
      "advcl",
      "advmod",
      "amod",
      "appos",
      "aux",
      "aux:pass",
      "case",
      "cc",
      "ccomp",
      "compound",
      "compound:prt",
      "conj",
      "cop",
      "csubj",
      "dep",
      "det",
      "discourse",
      "expl",
      "flat:foreign",
      "flat:name",
      "iobj",
      "mark",
      "nmod",
      "nsubj",
      "nsubj:pass",
      "nummod",
      "obj",
      "obl",
      "orphan",
      "parataxis",
      "punct",
      "xcomp"
    ],
    "ner":[

    ]
  },
  "pipeline":[
    "tok2vec",
    "tagger",
    "parser",
    "ner"
  ],
  "components":[
    "tok2vec",
    "tagger",
    "parser",
    "ner"
  ],
  "disabled":[

  ],
  "performance":{
    "dep_las_per_type":{
      "nsubj":{
        "p":0.848074922,
        "r":0.8248987854,
        "f":0.8363263212
      },
      "root":{
        "p":0.8481619606,
        "r":0.8423280423,
        "f":0.845234935
      },
      "advmod":{
        "p":0.780104712,
        "r":0.7825630252,
        "f":0.781331935
      },
      "obj":{
        "p":0.8060941828,
        "r":0.8179901616,
        "f":0.8119986048
      },
      "cop":{
        "p":0.819047619,
        "r":0.880921895,
        "f":0.8488587292
      },
      "amod":{
        "p":0.8632946001,
        "r":0.8364238411,
        "f":0.8496468214
      },
      "cc":{
        "p":0.8699421965,
        "r":0.8632887189,
        "f":0.8666026871
      },
      "conj":{
        "p":0.6630824373,
        "r":0.6666666667,
        "f":0.6648697215
      },
      "acl:relcl":{
        "p":0.7380352645,
        "r":0.7630208333,
        "f":0.7503201024
      },
      "mark":{
        "p":0.9072605247,
        "r":0.8957831325,
        "f":0.9014852986
      },
      "advcl":{
        "p":0.6422182469,
        "r":0.6433691756,
        "f":0.6427931961
      },
      "det":{
        "p":0.9053549191,
        "r":0.9296675192,
        "f":0.9173501577
      },
      "iobj":{
        "p":0.8723404255,
        "r":0.5394736842,
        "f":0.6666666667
      },
      "case":{
        "p":0.9094614265,
        "r":0.9201767305,
        "f":0.9147877013
      },
      "obl":{
        "p":0.7135815991,
        "r":0.6807732497,
        "f":0.6967914439
      },
      "aux":{
        "p":0.8933649289,
        "r":0.8849765258,
        "f":0.8891509434
      },
      "xcomp":{
        "p":0.6376021798,
        "r":0.5969387755,
        "f":0.6166007905
      },
      "acl":{
        "p":0.6428571429,
        "r":0.5701357466,
        "f":0.6043165468
      },
      "nmod":{
        "p":0.7005263158,
        "r":0.7402669633,
        "f":0.7198485668
      },
      "nummod":{
        "p":0.9108910891,
        "r":0.8888888889,
        "f":0.8997555012
      },
      "expl":{
        "p":0.6854219949,
        "r":0.7282608696,
        "f":0.7061923584
      },
      "compound:prt":{
        "p":0.7662721893,
        "r":0.7824773414,
        "f":0.7742899851
      },
      "orphan":{
        "p":0.0,
        "r":0.0,
        "f":0.0
      },
      "csubj":{
        "p":0.6744186047,
        "r":0.6516853933,
        "f":0.6628571429
      },
      "ccomp":{
        "p":0.768115942,
        "r":0.7756097561,
        "f":0.7718446602
      },
      "parataxis":{
        "p":0.6480446927,
        "r":0.7837837838,
        "f":0.7094801223
      },
      "discourse":{
        "p":0.6,
        "r":0.5555555556,
        "f":0.5769230769
      },
      "nsubj:pass":{
        "p":0.7575757576,
        "r":0.7425742574,
        "f":0.75
      },
      "aux:pass":{
        "p":0.802919708,
        "r":0.8661417323,
        "f":0.8333333333
      },
      "appos":{
        "p":0.3376623377,
        "r":0.3170731707,
        "f":0.3270440252
      },
      "flat:name":{
        "p":0.804494382,
        "r":0.750524109,
        "f":0.7765726681
      },
      "dep":{
        "p":0.0,
        "r":0.0,
        "f":0.0
      },
      "acl:cleft":{
        "p":0.75,
        "r":0.1764705882,
        "f":0.2857142857
      },
      "flat:foreign":{
        "p":0.6,
        "r":0.1263157895,
        "f":0.2086956522
      },
      "csubj:pass":{
        "p":0.0,
        "r":0.0,
        "f":0.0
      },
      "compound":{
        "p":0.3333333333,
        "r":0.0714285714,
        "f":0.1176470588
      },
      "reparandum":{
        "p":0.0,
        "r":0.0,
        "f":0.0
      }
    },
    "sents_p":0.8984824699,
    "sents_r":0.9084656085,
    "ents_per_type":0.0,
    "tag_acc":0.9443936844,
    "dep_uas":0.8512255299,
    "dep_las":0.8081251913,
    "sents_f":0.9034464615,
    "ents_f":0.0,
    "ents_p":0.0,
    "ents_r":0.0,
    "tok2vec_loss":48732.316143656,
    "tagger_loss":3178.7053057388,
    "parser_loss":24717.1675836321,
    "ner_loss":0.0000000005
  }
}