{
  "lang":"nn",
  "name":"pipeline",
  "version":"0.0.0",
  "description":"",
  "author":"",
  "email":"",
  "url":"",
  "license":"",
  "spacy_version":">=3.0.6,<3.1.0",
  "spacy_git_version":"df3444421",
  "vectors":{
    "width":0,
    "vectors":0,
    "keys":0,
    "name":null
  },
  "labels":{
    "tok2vec":[

    ],
    "tagger":[
      "ADJ",
      "ADP",
      "ADV",
      "AUX",
      "CCONJ",
      "DET",
      "INTJ",
      "NOUN",
      "NUM",
      "PART",
      "PRON",
      "PROPN",
      "PUNCT",
      "SCONJ",
      "SYM",
      "VERB",
      "X"
    ],
    "parser":[
      "ROOT",
      "acl",
      "acl:cleft",
      "acl:relcl",
      "advcl",
      "advmod",
      "amod",
      "appos",
      "aux",
      "aux:pass",
      "case",
      "cc",
      "ccomp",
      "compound",
      "compound:prt",
      "conj",
      "cop",
      "csubj",
      "dep",
      "det",
      "discourse",
      "expl",
      "flat:foreign",
      "flat:name",
      "iobj",
      "mark",
      "nmod",
      "nsubj",
      "nsubj:pass",
      "nummod",
      "obj",
      "obl",
      "orphan",
      "parataxis",
      "punct",
      "xcomp"
    ],
    "ner":[

    ]
  },
  "pipeline":[
    "tok2vec",
    "tagger",
    "parser",
    "ner"
  ],
  "components":[
    "tok2vec",
    "tagger",
    "parser",
    "ner"
  ],
  "disabled":[

  ],
  "performance":{
    "dep_las_per_type":{
      "nsubj":{
        "p":0.8525329632,
        "r":0.8289473684,
        "f":0.840574752
      },
      "root":{
        "p":0.8562334218,
        "r":0.853968254,
        "f":0.8550993377
      },
      "advmod":{
        "p":0.7716494845,
        "r":0.7862394958,
        "f":0.7788761707
      },
      "obj":{
        "p":0.798239675,
        "r":0.828531272,
        "f":0.8131034483
      },
      "cop":{
        "p":0.8205741627,
        "r":0.8783610755,
        "f":0.8484848485
      },
      "amod":{
        "p":0.8579052702,
        "r":0.8516556291,
        "f":0.8547690263
      },
      "cc":{
        "p":0.8595825427,
        "r":0.8661567878,
        "f":0.8628571429
      },
      "conj":{
        "p":0.6414273281,
        "r":0.663963964,
        "f":0.6525011067
      },
      "acl:relcl":{
        "p":0.7692307692,
        "r":0.7552083333,
        "f":0.7621550591
      },
      "mark":{
        "p":0.9006060606,
        "r":0.8951807229,
        "f":0.8978851964
      },
      "advcl":{
        "p":0.6496062992,
        "r":0.5913978495,
        "f":0.6191369606
      },
      "det":{
        "p":0.910625,
        "r":0.9315856777,
        "f":0.9209860936
      },
      "iobj":{
        "p":0.7884615385,
        "r":0.5394736842,
        "f":0.640625
      },
      "case":{
        "p":0.9118160652,
        "r":0.9228276878,
        "f":0.9172888303
      },
      "obl":{
        "p":0.7153044432,
        "r":0.6812957158,
        "f":0.6978860048
      },
      "aux":{
        "p":0.888242142,
        "r":0.8955399061,
        "f":0.8918760959
      },
      "xcomp":{
        "p":0.6805555556,
        "r":0.5,
        "f":0.5764705882
      },
      "acl":{
        "p":0.6322869955,
        "r":0.6380090498,
        "f":0.6351351351
      },
      "nmod":{
        "p":0.7177549919,
        "r":0.7397107898,
        "f":0.7285675157
      },
      "nummod":{
        "p":0.9289340102,
        "r":0.884057971,
        "f":0.9059405941
      },
      "expl":{
        "p":0.6694214876,
        "r":0.660326087,
        "f":0.6648426813
      },
      "compound:prt":{
        "p":0.8181818182,
        "r":0.7885196375,
        "f":0.8030769231
      },
      "dep":{
        "p":0.0,
        "r":0.0,
        "f":0.0
      },
      "parataxis":{
        "p":0.6764705882,
        "r":0.777027027,
        "f":0.7232704403
      },
      "appos":{
        "p":0.3,
        "r":0.3292682927,
        "f":0.3139534884
      },
      "ccomp":{
        "p":0.685840708,
        "r":0.756097561,
        "f":0.7192575406
      },
      "csubj":{
        "p":0.5779816514,
        "r":0.7078651685,
        "f":0.6363636364
      },
      "discourse":{
        "p":0.8695652174,
        "r":0.7407407407,
        "f":0.8
      },
      "nsubj:pass":{
        "p":0.7263157895,
        "r":0.6831683168,
        "f":0.7040816327
      },
      "aux:pass":{
        "p":0.75,
        "r":0.874015748,
        "f":0.8072727273
      },
      "orphan":{
        "p":0.0625,
        "r":0.0384615385,
        "f":0.0476190476
      },
      "flat:name":{
        "p":0.8192488263,
        "r":0.7316561845,
        "f":0.772978959
      },
      "acl:cleft":{
        "p":0.6333333333,
        "r":0.5588235294,
        "f":0.59375
      },
      "compound":{
        "p":0.2222222222,
        "r":0.1428571429,
        "f":0.1739130435
      },
      "flat:foreign":{
        "p":0.6086956522,
        "r":0.1473684211,
        "f":0.2372881356
      },
      "csubj:pass":{
        "p":0.0,
        "r":0.0,
        "f":0.0
      },
      "reparandum":{
        "p":0.0,
        "r":0.0,
        "f":0.0
      }
    },
    "sents_p":0.905285191,
    "sents_r":0.9153439153,
    "ents_per_type":0.0,
    "tag_acc":0.9436224612,
    "dep_uas":0.8523060853,
    "dep_las":0.8091267626,
    "sents_f":0.9102867666,
    "ents_f":0.0,
    "ents_p":0.0,
    "ents_r":0.0,
    "tok2vec_loss":46343.981664166,
    "tagger_loss":3709.5405361447,
    "parser_loss":28788.3015135125,
    "ner_loss":0.0000000009
  }
}